Transaction ID,Timestamp,Input Index,Input Address,Input Value
275937c2c30fbdf778390cb33a1ca1236c824c26a0a89af34e540c18d692d648,2016-08-29 11:42:33,0,1dzRo5aJ9n5Et6iGNkdyu4w1gguDp7cXm,200000000
275937c2c30fbdf778390cb33a1ca1236c824c26a0a89af34e540c18d692d648,2016-08-29 11:42:33,1,1GdyEzVchXj4EKr1FMbu9mKpsAN64NvksY,200000000
275937c2c30fbdf778390cb33a1ca1236c824c26a0a89af34e540c18d692d648,2016-08-29 11:42:33,2,1EbUEdu6p6o68Qd6CeFBSZ94woifR7R7eT,200000000
275937c2c30fbdf778390cb33a1ca1236c824c26a0a89af34e540c18d692d648,2016-08-29 11:42:33,3,178HGmCfR26dSSiFxJQah1U588p2CjgX7f,300000000
275937c2c30fbdf778390cb33a1ca1236c824c26a0a89af34e540c18d692d648,2016-08-29 11:42:33,4,12WMZBt1boPV5sMKknDeYSe8EximnGuV41,200000000
275937c2c30fbdf778390cb33a1ca1236c824c26a0a89af34e540c18d692d648,2016-08-29 11:42:33,5,1DrGzqusugQZkA8RuB1556v11jo6TcwLum,300000000
275937c2c30fbdf778390cb33a1ca1236c824c26a0a89af34e540c18d692d648,2016-08-29 11:42:33,6,1Jb7zNP86WHNhJTFdWsX9mKu3akN691cgU,550000000
275937c2c30fbdf778390cb33a1ca1236c824c26a0a89af34e540c18d692d648,2016-08-29 11:42:33,7,1R9gMbvM2FnRmG1U9HJT1dupdK32kdfyd,300000000
275937c2c30fbdf778390cb33a1ca1236c824c26a0a89af34e540c18d692d648,2016-08-29 11:42:33,8,1PWxRF5EpAuP88Dpu6fYPfv5rmaYPqpB7i,400000000
275937c2c30fbdf778390cb33a1ca1236c824c26a0a89af34e540c18d692d648,2016-08-29 11:42:33,9,1Ba6mozmB7beR6GoFgWFWfK9FeQdSN8gVi,200000000
275937c2c30fbdf778390cb33a1ca1236c824c26a0a89af34e540c18d692d648,2016-08-29 11:42:33,10,1DjshGrDYVo87Ja4DxpfCof3FpUZsDQpZM,300000000
275937c2c30fbdf778390cb33a1ca1236c824c26a0a89af34e540c18d692d648,2016-08-29 11:42:33,11,1HcViPc1eTSVN4d8QWDCQXU3hG51dfUGXs,10897
275937c2c30fbdf778390cb33a1ca1236c824c26a0a89af34e540c18d692d648,2016-08-29 11:42:33,12,1NAVhUixJ2HjRJXk8j96tA7kp3u6oRi9Zb,200000000
275937c2c30fbdf778390cb33a1ca1236c824c26a0a89af34e540c18d692d648,2016-08-29 11:42:33,13,1FRDJam9RYgn8W6zdQK3Ge7zrWwmf4vvsB,200000000
275937c2c30fbdf778390cb33a1ca1236c824c26a0a89af34e540c18d692d648,2016-08-29 11:42:33,14,1DiMM75HqhsJDfnLGyRJMfNMDPvgkZ4t6p,400000000
275937c2c30fbdf778390cb33a1ca1236c824c26a0a89af34e540c18d692d648,2016-08-29 11:42:33,15,17iuC3ca7RKnCuh7HJ1zUXfg4SsLU2suCr,450000000
275937c2c30fbdf778390cb33a1ca1236c824c26a0a89af34e540c18d692d648,2016-08-29 11:42:33,16,1BogoPcqRv8vvefr2P4zK81nBxw5urw5Zp,200020000
275937c2c30fbdf778390cb33a1ca1236c824c26a0a89af34e540c18d692d648,2016-08-29 11:42:33,17,16Akt4JeRRKySzKDBRJEEweBJ8JRpUp5dE,400000000
275937c2c30fbdf778390cb33a1ca1236c824c26a0a89af34e540c18d692d648,2016-08-29 11:42:33,18,16iTUac8jkf4LPud1SZBGJiyKWcoFNPA6T,200000000
275937c2c30fbdf778390cb33a1ca1236c824c26a0a89af34e540c18d692d648,2016-08-29 11:42:33,19,12nkRSvz5g77z5tnHrjNmkmgmqG8Gdv1x6,200000000
275937c2c30fbdf778390cb33a1ca1236c824c26a0a89af34e540c18d692d648,2016-08-29 11:42:33,20,1TvGxNJSk7rRZf7p1bb7hHs2ZDiJLiHLG,401000000
275937c2c30fbdf778390cb33a1ca1236c824c26a0a89af34e540c18d692d648,2016-08-29 11:42:33,21,1KhYxWq9r9EVkiLnLqd1wPACi6xeCaNf8C,400000000
275937c2c30fbdf778390cb33a1ca1236c824c26a0a89af34e540c18d692d648,2016-08-29 11:42:33,22,18zV1WGWCbqb632n4dPXWjUJTHymxFc15Z,400000000
275937c2c30fbdf778390cb33a1ca1236c824c26a0a89af34e540c18d692d648,2016-08-29 11:42:33,23,1NzED3mXPyAk4VwXZHxrVp9aGE2Tcgq7hQ,200000000
275937c2c30fbdf778390cb33a1ca1236c824c26a0a89af34e540c18d692d648,2016-08-29 11:42:33,24,18B5hQ2DuxGzTCxNaXL2J3AsWX3FPPeMup,300000000
275937c2c30fbdf778390cb33a1ca1236c824c26a0a89af34e540c18d692d648,2016-08-29 11:42:33,25,1A4dMpfqgTTNSWUKier3t9aMajHr57yc7W,200000000
275937c2c30fbdf778390cb33a1ca1236c824c26a0a89af34e540c18d692d648,2016-08-29 11:42:33,26,1QBGqWgFRrFLvzxx3kojQYUczuEbUne6Xd,10000
275937c2c30fbdf778390cb33a1ca1236c824c26a0a89af34e540c18d692d648,2016-08-29 11:42:33,27,1px2pnCAfc1si5Zs8Dj5y5wqQ7otiNcyL,300000000
275937c2c30fbdf778390cb33a1ca1236c824c26a0a89af34e540c18d692d648,2016-08-29 11:42:33,28,15H9WE7ADd1mZjYPGjAj1jdFjJwt7qFt6F,300000
275937c2c30fbdf778390cb33a1ca1236c824c26a0a89af34e540c18d692d648,2016-08-29 11:42:33,29,1LegLVX1MM4UPoP4qxkrtcwnFpJk4pHYBH,400000000
d873345c1aecbaee3333fbab8a03ad0900cd37bbc0fca1884e211de85f970db9,2016-08-29 05:51:53,0,33Ypk7PMwf7pJzTQ4wzgaN27MwHDqMWSpC,36477289
d873345c1aecbaee3333fbab8a03ad0900cd37bbc0fca1884e211de85f970db9,2016-08-29 05:51:53,1,37iBN9HDzzU2xcoq8ajLjFostAuDzLY2Ec,194280259
d873345c1aecbaee3333fbab8a03ad0900cd37bbc0fca1884e211de85f970db9,2016-08-29 05:51:53,2,33BJxctd6xKj39BHPztyESuexRSKyesY7X,306980000
